Restaurants,54618
Shopping,27971
Food,24777
Beauty & Spas,17014
Home Services,16205
Health & Medical,14230
Nightlife,12154
Local Services,11232
Automotive,11052
Bars,10563
Event Planning & Services,9078
Active Life,8257
Fashion,7019
Sandwiches,6345
Fast Food,6280
Hair Salons,6140
American (Traditional),6097
Pizza,6067
Coffee & Tea,5936
Hotels & Travel,5736
Arts & Entertainment,5515
Home & Garden,5379
Auto Repair,5172
Doctors,4838
Professional Services,4752
Italian,4662
Real Estate,4611
Burgers,4558
Breakfast & Brunch,4497
Nail Salons,4294
Mexican,4105
Fitness & Instruction,4078
Chinese,3987
American (New),3979
Specialty Food,3966
Pets,3579
Bakeries,3261
Grocery,3247
Hair Removal,3190
Dentists,3079
Cafes,3039
Skin Care,2804
Hotels,2683
Education,2668
Desserts,2661
Women's Clothing,2642
Financial Services,2495
Contractors,2437
Pet Services,2434
General Dentistry,2364
Massage,2351
Ice Cream & Frozen Yogurt,2326
Japanese,2304
Day Spas,2274
Chicken Wings,2257
Pubs,2181
Seafood,2154
Apartments,2096
Salad,2070
Gyms,2022
Flowers & Gifts,1957
Sushi Bars,1943
Caterers,1920
Tires,1895
Sports Bars,1892
Sporting Goods,1872
Accessories,1872
Oil Change Stations,1849
Waxing,1841
Cosmetics & Beauty Supply,1840
Hair Stylists,1798
Venues & Event Spaces,1768
Beer,1766
Wine & Spirits,1766
Barbers,1713
Car Dealers,1707
Auto Parts & Supplies,1703
Home Decor,1682
Cosmetic Dentists,1681
Furniture Stores,1677
Delis,1668
Trainers,1662
Asian Fusion,1658
Mediterranean,1593
Men's Clothing,1590
Jewelry,1547
Barbeque,1534
Drugstores,1532
Arts & Crafts,1513
Department Stores,1511
Convenience Stores,1499
Canadian (New),1468
Eyelash Service,1423
Massage Therapy,1421
Steakhouses,1410
Lounges,1408
Electronics,1402
Indian,1368
Thai,1355
Heating & Air Conditioning/HVAC,1355
Juice Bars & Smoothies,1346
Medical Centers,1344
Pet Groomers,1311
Real Estate Services,1275
Dry Cleaning & Laundry,1266
Mags,1261
Books,1261
Music & Video,1261
Specialty Schools,1258
Laundry Services,1249
IT Services & Computer Repair,1222
Public Services & Government,1219
Diners,1219
Shoe Stores,1218
Gas Stations,1193
Chiropractors,1176
Party & Event Planning,1142
Veterinarians,1134
Mobile Phones,1117
Optometrists,1105
Pet Sitting,1099
Plumbing,1097
Banks & Credit Unions,1091
Wine Bars,1075
Home Cleaning,1051
Body Shops,1046
Makeup Artists,1034
Middle Eastern,1029
Cocktail Bars,1023
Real Estate Agents,1018
Yoga,1005
Pet Stores,1004
Greek,1004
French,1003
Medical Spas,999
Eyewear & Opticians,988
Vietnamese,987
Printing Services,965
Vegetarian,961
Performing Arts,959
Landscaping,947
Transportation,944
Car Wash,940
Florists,937
Movers,926
Hair Extensions,913
Music Venues,912
Photographers,899
Local Flavor,862
Parks,857
Sewing & Alterations,851
Auto Detailing,844
Lawyers,841
Self Storage,838
Property Management,834
Physical Therapy,830
Dance Clubs,824
Car Rental,811
Tanning,808
Discount Store,802
Orthodontists,791
Carpet Cleaning,785
Ethnic Food,782
Buffets,778
Tobacco Shops,771
Korean,751
Food Delivery Services,751
Insurance,744
Tattoo,740
Kitchen & Bath,732
Appliances & Repair,727
Flooring,719
Soup,712
Building Supplies,711
Auto Glass Services,710
Appliances,707
Food Trucks,697
Hardware Stores,689
Shipping Centers,687
Wedding Planning,684
Hobby Shops,683
Gluten-Free,681
Vegan,668
Tex-Mex,668
Comfort Food,661
Sports Wear,659
Art Galleries,656
Donuts,652
Used,649
Vintage & Consignment,649
Hot Dogs,648
Mattresses,647
Gift Shops,644
Health Markets,637
Family Practice,635
Acupuncture,613
Men's Hair Salons,612
Weight Loss Centers,611
Child Care & Day Care,608
Tours,603
Oral Surgeons,597
Thrift Stores,589
Mobile Phone Repair,581
Preschools,577
Dive Bars,566
Bagels,558
Vape Shops,553
Interior Design,553
Caribbean,552
Electronics Repair,549
Blow Dry/Out Services,547
Nurseries & Gardening,546
Gastropubs,532
Bikes,529
Pest Control,528
Bridal,525
Mortgage Brokers,522
Towing,517
Bookstores,516
Toy Stores,515
German,514
Pool Cleaners,514
Computers,508
Session Photography,507
Pet Training,506
Antiques,504
Laser Hair Removal,503
Latin American,502
Pediatric Dentists,502
Na,500
Event Photography,499
Martial Arts,497
Golf,494
Photography Stores & Services,479
Nutritionists,472
Breweries,464
Religious Organizations,461
Shopping Centers,458
Meat Shops,455
Pool & Hot Tub Service,454
Handyman,450
Children's Clothing,447
Graphic Design,447
Halal,444
Community Service/Non-Profit,439
Painters,438
Sports Clubs,435
Festivals,434
Endodontists,431
Transmission Repair,429
Cinema,425
Swimming Pools,423
Electricians,422
Elementary Schools,420
Notaries,419
Southern,413
Imported Food,402
Chocolatiers & Shops,400
Office Cleaning,397
Tapas/Small Plates,396
Naturopathic/Holistic,393
Tea Rooms,392
Diagnostic Services,391
Reflexology,391
Internet Service Providers,386
Urgent Care,386
Auto Insurance,385
Obstetricians & Gynecologists,382
Casinos,381
Hospitals,375
Pakistani,373
Auto Customization,372
Damage Restoration,370
Marketing,370
Piercing,365
Travel Services,362
Periodontists,361
Fruits & Veggies,360
Personal Injury Law,358
Windshield Installation & Repair,358
British,357
Churches,356
Home & Rental Insurance,356
Permanent Makeup,355
Musical Instruments & Teachers,354
Hot Tub & Pool,353
Tree Services,352
Party Supplies,349
Farmers Market,347
Security Systems,346
Limos,345
Watches,344
Cosmetic Surgeons,342
Office Equipment,340
Museums,338
Carpeting,338
Fish & Chips,337
Keys & Locksmiths,336
Windows Installation,336
Cards & Stationery,334
Boot Camps,333
Web Design,332
Noodles,328
Dance Studios,325
Shades & Blinds,323
Tapas Bars,323
Ophthalmologists,320
Spray Tanning,319
Arcades,318
Sports Medicine,318
Eyebrow Services,317
Beer Bar,315
Tax Services,314
Adult Entertainment,313
Water Heater Installation/Repair,313
Pilates,311
Internal Medicine,310
Couriers & Delivery Services,307
Pediatricians,307
Outdoor Gear,307
Counseling & Mental Health,304
Candy Stores,304
Amusement Parks,302
Karaoke,302
Dry Cleaning,301
Baby Gear & Furniture,300
Roofing,299
Airport Shuttles,296
Bubble Tea,291
Music & DVDs,291
Outlet Stores,288
Smog Check Stations,286
Motorcycle Dealers,285
Art Supplies,284
Street Vendors,282
Cupcakes,280
Masonry/Concrete,280
Lighting Fixtures & Equipment,280
Garage Door Services,279
Food Stands,277
Recreation Centers,276
Libraries,275
Home Inspectors,273
Dog Walkers,273
Shoe Repair,270
Landmarks & Historical Buildings,270
Hawaiian,269
Window Washing,269
Videos & Video Game Rental,269
Wholesale Stores,268
Post Offices,266
Motorcycle Repair,264
Mass Media,262
Soul Food,261
Accountants,260
Chicken Shop,257
Divorce & Family Law,257
Dermatologists,255
Formal Wear,253
Hookah Bars,253
Colleges & Universities,252
Criminal Defense Law,251
Signmaking,247
Jewelry Repair,245
Wheel & Rim Repair,244
Landscape Architects,244
Dim Sum,244
Cajun/Creole,243
Gardeners,242
Playgrounds,242
Bike Repair/Maintenance,240
Guns & Ammo,239
Taxis,239
Kids Activities,238
Cabinetry,236
Truck Rental,236
Life Coach,235
Portuguese,235
Door Sales/Installation,233
Lingerie,232
Orthopedists,231
Vitamins & Supplements,230
Bike Rentals,229
Modern European,228
Party Equipment Rentals,227
Financial Advising,227
Irrigation,226
Creperies,220
Junk Removal & Hauling,217
Threading Services,217
Reiki,216
Leather Goods,215
Rehabilitation Center,211
Used Car Dealers,210
Organic Stores,209
Bed & Breakfast,208
Tiling,208
Life Insurance,207
Pawn Shops,206
Advertising,206
Bowling,206
Shaved Ice,205
Car Stereo Installation,205
Mobile Phone Accessories,204
Educational Services,204
Seafood Markets,203
Public Transportation,202
Interval Training Gyms,200
Swabian,200
Hiking,199
Butcher,194
Pool Halls,193
Watch Repair,193
Middle Schools & High Schools,193
Spanish,192
Fabric Stores,191
Comic Books,187
Furniture Reupholstery,185
Home Window Tinting,184
Diagnostic Imaging,184
Home Health Care,184
Pressure Washers,183
Filipino,183
Air Duct Cleaning,183
Cheesesteaks,182
Boxing,181
Art Classes,181
Turkish,180
Video/Film Production,180
Irish,180
Summer Camps,179
Patisserie/Cake Shop,179
Laser Eye Surgery/Lasik,178
Lebanese,177
DJs,177
Glass & Mirrors,175
Cheese Shops,175
Taiwanese,174
Television Service Providers,174
Legal Services,173
Resorts,171
Custom Cakes,170
Traditional Chinese Medicine,170
Dance Schools,169
Gay Bars,169
Employment Agencies,169
Ramen,167
Commercial Real Estate,167
DUI Law,167
Persian/Iranian,163
Delicatessen,163
Bistros,161
Stadiums & Arenas,160
Water Purification Services,159
Wineries,158
Auto Loan Providers,158
Amateur Sports Teams,158
Musical Instrument Services,156
Telecommunications,156
Funeral Services & Cemeteries,156
Drywall Installation & Repair,156
Screen Printing/T-Shirt Printing,155
Check Cashing/Pay-day Loans,154
Social Clubs,154
Home Theatre Installation,154
Plus Size Fashion,153
Home Organization,152
Tacos,151
Laboratory Testing,151
Podiatrists,149
Carpet Installation,149
Fences & Gates,149
Adult Education,148
Brasseries,148
Do-It-Yourself Food,147
Refinishing Services,147
Bankruptcy Law,146
Pharmacy,146
Airports,145
Barre Classes,144
Food Court,144
Parking,143
Videographers,142
African,142
Internet Cafes,140
Comedy Clubs,140
Estate Planning Law,140
Nail Technicians,140
Car Window Tinting,139
Medical Supplies,139
General Litigation,138
Art Schools,138
Data Recovery,137
Cosmetology Schools,137
Gold Buyers,136
Framing,135
Boating,134
Personal Shopping,133
Solar Installation,133
Vinyl Records,132
Poutineries,132
Cannabis Clinics,132
Escape Games,130
Dog Parks,129
Pain Management,128
Retirement Homes,127
Gun/Rifle Ranges,127
Adult,124
Print Media,123
Party Bus Rentals,123
Tattoo Removal,122
Knitting Supplies,122
Supernatural Readings,120
Jazz & Blues,120
Photo Booth Rentals,119
Animal Shelters,118
Laundromat,118
Driving Schools,117
International,116
Costumes,116
Airlines,114
Real Estate Law,114
Head Shops,114
RV Dealers,113
Pet Adoption,113
RV Repair,113
Packing Services,112
Rugs,112
Screen Printing,112
Gelato,112
Private Tutors,112
Kosher,111
Departments of Motor Vehicles,110
Home Automation,109
Wigs,108
Customized Merchandise,108
Recycling Center,107
Coffee Roasteries,106
Video Game Stores,105
Surgeons,105
Falafel,104
Gutter Services,104
Vehicle Wraps,104
Roadside Assistance,103
Business Law,102
Wraps,102
Gymnastics,101
Poke,101
Afghan,100
Countertop Installation,99
Pan Asian,99
Peruvian,98
Swimwear,97
International Grocery,96
Tutoring Centers,96
Tanning Beds,95
Herbs & Spices,95
Investing,95
Ear Nose & Throat,93
Packing Supplies,92
Yelp Events,92
Radiologists,91
Pet Boarding,91
Waffles,89
Shutters,89
Business Consulting,88
Hot Pot,88
Cardiologists,88
Embroidery & Crochet,88
Tennis,87
University Housing,87
Beer Garden,86
Szechuan,86
Irish Pub,86
Uniforms,85
Horseback Riding,85
Septic Services,85
Mortgage Lenders,84
Neurologist,84
Cooking Schools,83
Radio Stations,83
Paint & Sip,83
Vocational & Technical School,82
Mini Golf,82
Metal Fabricators,82
Kebab,82
Teeth Whitening,81
Vacation Rentals,80
Payroll Services,80
Battery Stores,80
Paint Stores,80
Brazilian,79
Allergists,79
Walk-in Clinics,79
Skating Rinks,78
Scottish,78
Beer Gardens,78
Cantonese,77
Personal Chefs,77
Cardio Classes,76
Career Counseling,76
Wholesalers,76
Propane,76
Special Education,76
Ethiopian,75
Leisure Centers,75
Occupational Therapy,75
Motorcycle Gear,75
Swimming Lessons/Schools,75
Pretzels,74
Cycling Classes,74
Fitness/Exercise Equipment,73
Golf Equipment,73
Utilities,73
Country Clubs,73
Test Preparation,73
Mountain Biking,73
Floral Designers,72
Registration Services,71
Security Services,71
Cuban,71
Home Staging,71
RV Rental,70
Fireplace Services,70
Guitar Stores,70
Psychiatrists,69
Polish,69
Train Stations,69
Hostels,69
Boat Repair,68
Wedding Chapels,68
Shared Office Spaces,68
Soccer,68
Cannabis Dispensaries,68
Patio Coverings,67
Bespoke Clothing,66
Midwives,66
Title Loans,66
Meditation Centers,66
Outdoor Furniture Stores,65
Malaysian,65
TV Mounting,64
Ticket Sales,64
Campgrounds,64
Live/Raw Food,64
Audiologist,63
Immigration Law,63
Luggage,62
Salvadoran,62
Pasta Shops,62
Moroccan,62
Carpenters,61
Rafting/Kayaking,61
Grout Services,60
Arabian,60
Emergency Pet Hospital,59
Hypnosis/Hypnotherapy,59
Hospice,58
Professional Sports Teams,58
Mailbox Centers,58
Challenge Courses,57
Souvenir Shops,57
Furniture Repair,57
RV Parks,56
Insulation Installation,56
Henna Artists,56
Hearing Aid Providers,55
Assisted Living Facilities,55
Russian,55
Maternity Wear,55
Personal Assistants,54
& Probates,54
Trusts,54
Wills,54
Macarons,53
Employment Law,53
Cooking Classes,53
Beaches,52
Newspapers & Magazines,52
Boat Charters,52
Auction Houses,52
Trampoline Parks,52
Hats,52
Orthotics,51
Officiants,51
Plastic Surgeons,51
Acai Bowls,51
Fertility,51
Urologists,51
Golf Lessons,50
Himalayan/Nepalese,50
Decks & Railing,50
Flea Markets,50
Musicians,50
Zoos,49
Tabletop Games,49
Hair Loss Centers,49
Osteopathic Physicians,49
Snow Removal,48
Artificial Turf,48
Car Buyers,48
Bookkeepers,47
Kickboxing,47
Magicians,47
Guest Houses,47
Popcorn Shops,47
Appraisal Services,46
Recording & Rehearsal Studios,46
Argentine,46
Team Building Activities,46
Bus Tours,46
Firearm Training,46
Aquariums,46
Oncologist,46
Belgian,46
Fondue,45
Cafeteria,45
Speech Therapists,45
Piano Services,45
Endocrinologists,45
Buses,45
Laser Tag,45
Diving,45
Vehicle Shipping,45
Climbing,45
ATV Rentals/Tours,44
Siding,44
Auto Upholstery,44
Mongolian,43
Gastroenterologist,43
Smokehouse,43
Botanical Gardens,42
Emergency Rooms,42
Pool & Billiards,42
Whiskey Bars,42
Lakes,42
Water Stores,42
Aquarium Services,41
Karate,41
Commercial Truck Repair,41
Walking Tours,40
Boat Dealers,40
CPR Classes,40
Furniture Assembly,40
Farms,40
Taekwondo,40
Colombian,40
Water Delivery,39
Private Investigation,39
Race Tracks,39
Spiritual Shop,39
Historical Tours,38
Bartenders,38
Sleep Specialists,38
Trailer Repair,38
Coffee & Tea Supplies,38
Real Estate Photography,37
Airport Lounges,37
Cambodian,37
Sugaring,37
Paddleboarding,36
Food Tours,36
Beverage Store,36
Installment Loans,36
Psychics,36
Scuba Diving,36
Community Centers,35
Blood & Plasma Donation Centers,35
Skate Shops,35
Police Departments,35
Hydro-jetting,35
Psychologists,35
Go Karts,35
Paintball,35
Montessori Schools,35
Awnings,34
New Mexican Cuisine,34
Saunas,34
Archery,34
Brazilian Jiu-jitsu,34
Waterproofing,34
Dental Hygienists,34
Lactation Services,33
Shredding Services,33
Christmas Trees,33
Talent Agencies,33
Stucco Services,33
Prosthodontists,33
Architects,33
Colonics,33
Language Schools,32
Flight Instruction,32
Television Stations,32
Home Network Installation,32
Cultural Center,32
Tai Chi,32
Distilleries,32
Races & Competitions,32
Mobile Dent Repair,32
Estate Liquidation,32
Farming Equipment,32
Medical Transportation,31
Doulas,31
Skate Parks,31
Engraving,31
Trophy Shops,31
Opera & Ballet,31
Fishing,31
Day Camps,31
Wine Tasting Room,31
Face Painting,31
Pet Photography,30
Clothing Rental,30
Workers Compensation Law,30
Chimney Sweeps,30
Motorcycle Rental,30
Horse Boarding,30
Ethnic Grocery,30
Wine Tours,29
Massage Schools,29
Bail Bondsmen,29
Cabaret,28
Vacation Rental Agents,28
Sri Lankan,28
Boudoir Photography,28
Hungarian,28
Traffic Ticketing Law,28
Basque,28
Condominiums,27
First Aid Classes,27
Wildlife Control,27
Software Development,26
Pet Transportation,26
Paint-Your-Own Pottery,26
Travel Agents,26
Nanny Services,26
IV Hydration,26
Skilled Nursing,26
Debt Relief Services,26
Cremation Services,26
Livestock Feed & Supply,26
Haunted Houses,26
Fire Protection Services,26
Hunting & Fishing Supplies,26
Batting Cages,26
Health Retreats,25
Anesthesiologists,25
Strip Clubs,25
Holiday Decorations,25
Rock Climbing,25
Home Energy Auditors,25
Champagne Bars,25
Cryotherapy,25
Currency Exchange,25
Courthouses,24
Indonesian,24
Pop-up Shops,24
Local Fish Stores,24
Brewing Supplies,24
Piano Bars,24
Teppanyaki,24
Hakka,24
Hydrotherapy,24
Venezuelan,24
Religious Schools,23
Knife Sharpening,23
Personal Care Services,23
Pet Breeders,23
Prosthetics,23
Town Car Service,23
Float Spa,23
Health Insurance Offices,23
Party Characters,23
Grilling Equipment,22
Farm Equipment Repair,22
Demolition Services,22
Speakeasies,22
Self-defense Classes,22
Trailer Dealers,22
Public Relations,22
Acne Treatment,22
Art Museums,22
High Fidelity Audio Equipment,22
Powder Coating,21
Trailer Rental,21
Roof Inspectors,21
Brewpubs,21
Tax Law,21
Editorial Services,21
Auto Security,21
Firewood,21
Puerto Rican,21
Ski & Snowboard Shops,20
Donairs,20
Fingerprinting,20
Spine Surgeons,20
Disc Golf,20
Used Bookstore,20
Circuit Training Gyms,20
Bangladeshi,20
Singaporean,20
Ethical Grocery,20
Business Financing,20
Jet Skis,20
Safe Stores,19
Ukrainian,19
Foundation Repair,19
Translation Services,19
House Sitters,19
Pet Cremation Services,19
Country Dance Halls,18
Coffeeshops,18
Prenatal/Perinatal Care,18
Golf Equipment Shops,18
Candle Stores,18
Furniture Rental,18
Machine & Tool Rental,18
South African,17
Mobility Equipment Sales & Services,17
Music Production Services,17
Commercial Truck Dealers,17
Addiction Medicine,17
Retina Specialists,17
Environmental Testing,17
Motorsport Vehicle Dealers,17
CSA,17
Muay Thai,17
Hot Air Balloons,16
Serbo Croatian,16
Restaurant Supplies,16
Valet Services,16
Shoe Shine,16
Clock Repair,16
Environmental Abatement,16
Body Contouring,16
Bingo Halls,16
Mortuary Services,16
Motorsport Vehicle Repairs,16
Dominican,16
Pulmonologist,16
Medical Cannabis Referrals,16
Olive Oil,15
Childbirth Education,15
Mediators,15
Pole Dancing Classes,15
Synagogues,15
Oxygen Bars,15
Nurse Practitioner,15
Matchmakers,15
Clowns,15
Basketball Courts,15
Scandinavian,14
Chinese Martial Arts,14
Buddhist Temples,14
Golf Cart Rentals,14
Laotian,14
Car Inspectors,14
Tasting Classes,14
Dumpster Rental,14
Aerial Fitness,13
College Counseling,13
Baseball Fields,13
Curry Sausage,13
Tui Na,13
Ski Resorts,13
Tiki Bars,13
Empanadas,13
Airport Terminals,13
Solar Panel Cleaning,13
Austrian,13
Bavarian,13
Lawn Services,13
Piano Stores,13
Lice Services,13
Pet Hospice,13
Pick Your Own Farms,12
Bounce House Rentals,12
Beer Tours,12
Eatertainment,12
Vascular Medicine,12
Traffic Schools,12
Rheumatologists,12
Marinas,12
Holiday Decorating Services,12
Psychic Mediums,12
Bartending Schools,12
Parenting Classes,12
Castles,12
Placenta Encapsulations,12
Egyptian,12
Horse Equipment Shops,12
Racing Experience,12
Bird Shops,12
Car Share Services,12
Homeowner Association,11
Concierge Medicine,11
Wallpapering,11
Dinner Theater,11
Commissioned Artists,11
Dance Wear,11
Health Coach,11
Burmese,11
Passport & Visa Services,11
Medical Law,11
Generator Installation/Repair,11
Rolfing,11
Boat Tours,11
Aerial Tours,10
Cigar Bars,10
Children's Museums,10
Christmas Markets,10
Spin Classes,10
Izakaya,10
Shaved Snow,10
Childproofing,10
Airsoft,10
Squash,10
Caricatures,10
Water Parks,10
Dietitians,10
Drive-In Theater,10
Process Servers,9
Club Crawl,9
Ayurveda,9
Skydiving,9
Game Truck Rental,9
Mobile Home Parks,9
Badminton,9
Religious Items,9
Australian,9
Cideries,9
Haitian,9
Shanghainese,9
Preventive Medicine,9
Pumpkin Patches,9
Bar Crawl,9
Sex Therapists,9
Car Brokers,9
Hydroponics,9
Tenant and Eviction Law,9
3D Printing,9
Perfume,9
Holistic Animal Care,9
Alternative Medicine,9
Contract Law,8
Embassy,8
Balloon Services,8
Armenian,8
Ice Delivery,8
Striptease Dancers,8
Observatories,8
Fur Clothing,8
Party Bike Rentals,8
Donation Center,8
Fireworks,8
Social Security Law,8
Civic Center,7
Senior Centers,7
Home Developers,7
Sugar Shacks,7
Supper Clubs,7
Product Design,7
Adoption Services,7
Immunodermatologists,7
Horse Racing,7
Feng Shui,7
Wine Tasting Classes,7
Public Art,7
LAN Centers,7
Cannabis Tours,7
Herbal Shops,7
Attraction Farms,7
Scavenger Hunts,7
Backflow Services,7
Visitor Centers,7
Public Markets,7
Private Jet Charter,6
Car Auctions,6
Halotherapy,6
Art Restoration,6
Sailing,6
Fire Departments,6
Golf Cart Dealers,6
IP & Internet Law,6
Surf Shop,6
Scooter Rentals,6
Bookbinding,6
Concept Shops,6
Planetarium,6
Excavation Services,6
Tubing,6
Military Surplus,6
Bicycles,6
Gunsmith,6
Reptile Shops,6
Surfing,6
Indoor Playcentre,6
Rest Stops,6
Junkyards,6
Czech,6
Traditional Clothing,5
Bike Shop,5
Dive Shops,5
Sandblasting,5
Bike tours,5
Pet Insurance,5
Digitizing Services,5
Teacher Supplies,5
Photography Classes,5
Tableware,5
Bike Sharing,5
Machine Shops,5
Elder Care Planning,5
Beach Equipment Rentals,5
Art Space Rentals,5
Flowers,5
Syrian,5
Aircraft Repairs,5
Backshop,5
Ziplining,5
Trains,5
Hindu Temples,5
Qi Gong,5
Metro Stations,5
Honduran,4
Land Surveying,4
Architectural Tours,4
Behavior Analysts,4
Beer Hall,4
Structural Engineers,4
Bubble Soccer,4
Fischbroetchen,4
Honey,4
Neurotologists,4
Animal Physical Therapy,4
Aircraft Dealers,4
Iberian,4
Food Banks,4
Fishmonger,4
Emergency Medicine,4
Unofficial Yelp Events,4
Nursing Schools,4
Mosques,4
Beach Bars,4
Pub Food,4
Pedicabs,4
Trinidadian,4
Misting System Services,4
Petting Zoos,4
DIY Auto Shop,4
Sports Psychologists,4
Tuscan,4
Mobile Home Dealers,3
Private Schools,3
Swiss Food,3
Pop-Up Restaurants,3
Proctologists,3
Themed Cafes,3
Oriental,3
Virtual Reality Centers,3
Bike Repair,3
Storefront Clinics,3
Gerontologists,3
Veterans Organizations,3
Pensions,3
Free Diving,3
Duty-Free Shops,3
Cannabis Collective,3
Skiing,3
Hepatologists,3
Hazardous Waste Disposal,3
Trivia Hosts,3
Tickets,3
Community Gardens,3
Baden,3
Slovakian,3
Glass Blowing,3
Neuropathologists,3
Uzbek,3
Duplication Services,3
Kombucha,3
Pathologists,3
Eastern European,3
Audio/Visual Equipment Rental,3
Astrologers,3
Erotic Massage,3
Auto Electric Services,3
Crane Services,3
Infectious Disease Specialists,3
Snorkeling,3
Carpet Dyeing,3
Hearing Aids,3
Market Stalls,3
Ranches,3
Pita,2
Scooter Tours,2
Flatbread,2
Sledding,2
Phlebologists,2
Milkshake Bars,2
Homeless Shelters,2
Cable Cars,2
EV Charging Stations,2
Reunion,2
Nicaraguan,2
Surf Schools,2
Fencing Clubs,2
Disability Law,2
Public Adjusters,2
Schnitzel,2
Medical Foot Care,2
Well Drilling,2
Ski Schools,2
Japanese Curry,2
Cheerleading,2
Taxidermy,2
Bus Rental,2
General Festivals,2
Art Tours,2
Habilitative Services,2
Waldorf Schools,2
Hotel bar,2
Kiosk,2
Choirs,2
Patent Law,2
Cheese Tasting Classes,2
Carousels,2
Mauritius,2
Kitchen Incubators,2
Signature Cuisine,1
Nephrologists,1
Palatine,1
Rotisserie Chicken,1
Game Meat,1
Tempura,1
Udon,1
Agriturismi,1
Friterie,1
Otologists,1
Minho,1
Tonkatsu,1
Municipality,1
Hang Gliding,1
Undersea/Hyperbaric Medicine,1
Osteopaths,1
Island Pub,1
Luggage Storage,1
Sicilian,1
Mystics,1
Beach Volleyball,1
Customs Brokers,1
Animal Assisted Therapy,1
Street Art,1
Toxicologists,1
Alsatian,1
Eastern German,1
Ceremonial Clothing,1
Georgian,1
Indoor Landscaping,1
Fuel Docks,1
Drive-Thru Bars,1
Rodeo,1
Hong Kong Style Cafe,1
Guamanian,1
Churros,1
Registry Office,1
Baguettes,1
Mobile Home Repair,1
Makerspaces,1
Flyboarding,1
Parent Cafes,1
DUI Schools,1
Senegalese,1
Bike Parking,1
Soba,1
Town Hall,1
Mulled Wine,1
Calligraphy,1
Bulgarian,1
Hybrid Car Repair,1
Conveyor Belt Sushi,1
Dialysis Clinics,1
Outdoor Movies,1
Public Plazas,1
Hainan,1
Interlock Systems,1
Entertainment Law,1
Traditional Norwegian,1
Czech/Slovakian,1
Halfway Houses,1
Playsets,1
Linens,1
Fun Fair,1
Wok,1
